pareto_rank,total_floors,residential_floors,upper_floor_area,first_floor_area,first_floor_room_count,pair_room_area,pairs_per_unit,units_per_floor,living_area,living_area_per_resident,toilets_per_unit,showers_per_unit,basins_per_unit,laundry_per_unit,kitchen_area_per_unit,unit_total_area,rooms_per_floor,total_rooms,total_residents,private_area,purpose_area,corridor_area,first_floor_purpose_area_per_resident,construction_cost,annual_profit,payback_years,yield_percent,sheet_target_pass,available_facade_length,required_facade_length,facade_margin
1,13,12,276,288,0,11.5,6,2,9,0.75,3,3,3,3,6.0,117.264,12,144,288,1656.0,1404.00,540.00,0.85,119568.00,10756.32,11.11606943638716587085545986,8.995985547972701726214371738,yes,49.33882852277706846526772675,32.4,16.93882852277706846526772675
2,13,12,276,288,0,11.0,6,2,12,1,3,3,3,3,6.0,117.264,12,144,288,1584.0,1476.00,540.00,0.85,120072.00,10751.28,11.16815858204790499363796683,8.954027583449930041974815111,yes,49.33882852277706846526772675,32.4,16.93882852277706846526772675
3,13,12,276,288,0,10.5,6,2,15,1.25,3,3,3,3,6.0,117.264,12,144,288,1512.0,1548.00,540.00,0.85,120576.00,10746.24,11.22029658745756655351080936,8.912420382165605095541401274,yes,49.33882852277706846526772675,32.4,16.93882852277706846526772675
4,15,14,238,268,0,11.5,5,2,8,0.8,3,3,3,2,5.5,101.024,10,140,280,1610.0,1450.00,540.00,0.8135714285714285714285714286,119890.00,10321.10,11.61600992142310412649814458,8.608808074067895570940028359,yes,45.81659088147000052830904886,27.0,18.81659088147000052830904886
5,15,14,240,240,0,11.0,5,2,11,1.1,3,3,3,2,5.5,101.584,10,140,280,1540.0,1520.00,540.00,0.7285714285714285714285714286,120380.00,10316.20,11.66902541633547236385490781,8.569695962784515700282438943,yes,46.00869483043395353038546177,27.0,19.00869483043395353038546177
6,15,14,238,268,0,10.5,5,2,13,1.3,3,3,3,2,5.5,101.024,10,140,280,1470.0,1590.00,540.00,0.8135714285714285714285714286,120870.00,10311.30,11.72209129789648249978179279,8.530900967982129560685033507,yes,45.81659088147000052830904886,27.0,18.81659088147000052830904886
7,12,11,300,300,0,13.0,6,2,9,0.75,3,3,3,3,6.0,127.344,12,132,264,1716.0,1344.00,540.00,0.9659090909090909090909090909,119148.00,9464.52,12.58891100658036540680351460,7.943498841776613959109678719,yes,51.43928459844674006214296555,32.4,19.03928459844674006214296555
8,12,11,300,300,0,12.5,6,2,12,1,3,3,3,3,6.0,127.344,12,132,264,1650.0,1410.00,540.00,0.9659090909090909090909090909,119610.00,9459.90,12.64389686994577109694605651,7.908954100827689992475545523,yes,51.43928459844674006214296555,32.4,19.03928459844674006214296555
9,12,11,300,300,0,12.0,6,2,15,1.25,3,3,3,3,6.0,127.344,12,132,264,1584.0,1476.00,540.00,0.9659090909090909090909090909,120072.00,9455.28,12.69893646724369875878874026,7.874675194883070157905256846,yes,51.43928459844674006214296555,32.4,19.03928459844674006214296555
10,12,11,300,300,0,11.5,6,2,18,1.5,3,3,3,3,6.0,127.344,12,132,264,1518.0,1542.00,540.00,0.9659090909090909090909090909,120534.00,9450.66,12.75402987727841230136307940,7.840659067151177261187714670,yes,51.43928459844674006214296555,32.4,19.03928459844674006214296555
11,12,11,300,300,0,11.0,6,2,21,1.75,3,3,3,3,6.0,127.344,12,132,264,1452.0,1608.00,540.00,0.9659090909090909090909090909,120996.00,9446.04,12.80917717900834635466290636,7.806902707527521570961023505,yes,51.43928459844674006214296555,32.4,19.03928459844674006214296555
12,12,11,300,300,0,10.5,6,2,24,2,3,3,3,3,6.0,127.344,12,132,264,1386.0,1674.00,540.00,0.9659090909090909090909090909,121458.00,9441.42,12.86437845154648347388422504,7.773403151706762831596107296,yes,51.43928459844674006214296555,32.4,19.03928459844674006214296555
13,9,8,400,400,0,13.0,8,2,13,0.8125,4,4,4,4,7.0,169.792,16,128,256,1664.0,1396.00,540.00,1.328125,119512.00,9028.88,13.23663621623058452432638378,7.554789477207309726219961175,yes,59.39696961966999204967092641,43.2,16.19696961966999204967092641
14,9,8,400,400,0,12.5,8,2,17,1.0625,4,4,4,4,7.0,169.792,16,128,256,1600.0,1460.00,540.00,1.328125,119960.00,9024.40,13.29285049421568192899250920,7.522840946982327442480826942,yes,59.39696961966999204967092641,43.2,16.19696961966999204967092641
15,9,8,400,400,0,12.0,8,2,21,1.3125,4,4,4,4,7.0,169.792,16,128,256,1536.0,1524.00,540.00,1.328125,120408.00,9019.92,13.34912061304313120293749834,7.491130157464620291010564082,yes,59.39696961966999204967092641,43.2,16.19696961966999204967092641
16,9,8,400,400,0,11.5,8,2,25,1.5625,4,4,4,4,7.0,169.792,16,128,256,1472.0,1588.00,540.00,1.328125,120856.00,9015.44,13.40544665595911014881137249,7.459654464817634209306943801,yes,59.39696961966999204967092641,43.2,16.19696961966999204967092641
17,9,8,400,400,0,11.0,8,2,29,1.8125,4,4,4,4,7.0,169.792,16,128,256,1408.0,1652.00,540.00,1.328125,121304.00,9010.96,13.46182870637534735477684953,7.428411264261689639253445888,yes,59.39696961966999204967092641,43.2,16.19696961966999204967092641
18,10,9,360,360,0,13.0,7,2,13,0.9285714285714285714285714286,4,4,4,3,6.5,152.992,14,126,252,1638.0,1422.00,540.00,1.214285714285714285714285714,119694.00,8811.06,13.58451764032931338567663823,7.361321369492205123063812722,yes,56.34891303299470034951117644,37.8,18.54891303299470034951117644
19,10,9,359,369,0,12.5,7,2,16,1.142857142857142857142857143,4,4,4,3,6.5,152.432,14,126,252,1575.0,1485.00,540.00,1.244642857142857142857142857,120135.00,8806.65,13.64139599052988366745584303,7.330628043451117492820576851,yes,56.27059622929190182582412809,37.8,18.47059622929190182582412809
20,10,9,360,360,0,12.0,7,2,20,1.428571428571428571428571429,4,4,4,3,6.5,152.992,14,126,252,1512.0,1548.00,540.00,1.214285714285714285714285714,120576.00,8802.24,13.69833133384229468862471371,7.300159235668789808917197452,yes,56.34891303299470034951117644,37.8,18.54891303299470034951117644
21,10,9,359,369,0,11.5,7,2,23,1.642857142857142857142857143,4,4,4,3,6.5,152.432,14,126,252,1449.0,1611.00,540.00,1.244642857142857142857142857,121017.00,8797.83,13.75532375597164300742342146,7.269912491633406876719799698,yes,56.27059622929190182582412809,37.8,18.47059622929190182582412809
22,10,9,360,360,0,11.0,7,2,27,1.928571428571428571428571429,4,4,4,3,6.5,152.992,14,126,252,1386.0,1674.00,540.00,1.214285714285714285714285714,121458.00,8793.42,13.81237334279495349932108326,7.239885392481351578323371042,yes,56.34891303299470034951117644,37.8,18.54891303299470034951117644
23,11,10,326,340,0,14.5,6,2,10,0.8333333333333333333333333333,3,3,3,3,6.0,138.544,12,120,240,1740.0,1320.00,540.00,1.204166666666666666666666667,118980.00,8170.20,14.56267900418594404053756334,6.866868381240544629349470499,no,53.62201040617555957918599844,32.4,21.22201040617555957918599844
24,11,10,326,340,0,14.0,6,2,13,1.083333333333333333333333333,3,3,3,3,6.0,138.544,12,120,240,1680.0,1380.00,540.00,1.204166666666666666666666667,119400.00,8166.00,14.62160176340925789860396767,6.839195979899497487437185930,no,53.62201040617555957918599844,32.4,21.22201040617555957918599844
25,11,10,326,340,0,13.5,6,2,16,1.333333333333333333333333333,3,3,3,3,6.0,138.544,12,120,240,1620.0,1440.00,540.00,1.204166666666666666666666667,119820.00,8161.80,14.68058516503712416378739984,6.811717576364546820230345518,no,53.62201040617555957918599844,32.4,21.22201040617555957918599844
26,11,10,326,340,0,13.0,6,2,19,1.583333333333333333333333333,3,3,3,3,6.0,138.544,12,120,240,1560.0,1500.00,540.00,1.204166666666666666666666667,120240.00,8157.60,14.73962930273609885260370697,6.784431137724550898203592814,no,53.62201040617555957918599844,32.4,21.22201040617555957918599844
27,11,10,326,340,0,12.5,6,2,22,1.833333333333333333333333333,3,3,3,3,6.0,138.544,12,120,240,1500.0,1560.00,540.00,1.204166666666666666666666667,120660.00,8153.40,14.79873427036573699315622930,6.757334659373446046742913973,no,53.62201040617555957918599844,32.4,21.22201040617555957918599844
28,11,10,324,360,0,12.0,6,2,24,2,3,3,3,3,6.0,137.424,12,120,240,1440.0,1620.00,540.00,1.275,121080.00,8149.20,14.85790016197908997202179355,6.730426164519326065411298315,no,53.45727265770299284470383378,32.4,21.05727265770299284470383378
29,15,14,240,240,0,15.0,8,1,27,1.6875,4,4,4,4,7.0,203.392,8,112,224,1680.0,1380.00,540.00,0.9107142857142857142857142857,119400.00,7302.00,16.35168447000821692686935086,6.115577889447236180904522613,no,46.00869483043395353038546177,21.6,24.40869483043395353038546177
30,15,14,240,240,0,14.5,8,1,31,1.9375,4,4,4,4,7.0,203.392,8,112,224,1624.0,1436.00,540.00,0.9107142857142857142857142857,119792.00,7298.08,16.41418016793458005393199307,6.092293308401228796580739949,no,46.00869483043395353038546177,21.6,24.40869483043395353038546177
31,15,14,236,296,0,14.0,8,1,32,2,4,4,4,4,7.0,200.032,8,112,224,1568.0,1492.00,540.00,1.123214285714285714285714286,120184.00,7294.16,16.47674303826622942189367933,6.069160620382080809425547494,no,45.62367806304090604034427215,21.6,24.02367806304090604034427215
32,14,13,246,402,0,15.0,8,1,32,2,4,4,4,4,7.0,208.992,8,104,208,1560.0,1500.00,540.00,1.642788461538461538461538462,120240.00,6429.60,18.70100783874580067189249720,5.347305389221556886227544910,no,46.58025332691955208061672042,21.6,24.98025332691955208061672042
